Step,True_T,Market_P,Volume,Rolling_Volatility
0,100.0,100.0,0,0.01
1,99.0145,100.0,0,0.01
2,98.9911,100.0,0,0.0
3,100.1854,100.0,0,0.0
4,102.8376,100.0,0,0.0
5,100.8572,100.0,0,0.0
6,100.845,100.0,0,0.0
7,100.8639,100.0,0,0.0
8,99.9539,100.0,0,0.0
9,97.2814,100.0,0,0.0
10,93.6925,97.8324,3,0.006827
11,94.0256,97.8324,0,0.006842
12,94.1754,97.8324,0,0.006857
13,92.1819,97.8324,0,0.006872
14,92.7206,97.8324,0,0.006887
15,91.37,97.8324,0,0.006902
16,90.4915,97.8324,0,0.006917
17,90.4247,97.8324,0,0.006932
18,88.9691,97.8324,0,0.006948
19,87.3674,93.6923,7,0.013356
20,89.0319,91.8879,13,0.013971
21,90.8326,91.0114,42,0.013866
22,92.3247,91.5717,29,0.014441
23,91.629,91.5372,21,0.014517
24,93.1924,92.5496,31,0.015561
25,92.2646,91.1821,28,0.015695
26,95.4613,96.503,30,0.025813
27,97.064,97.2888,27,0.026019
28,97.2321,96.0973,25,0.021707
29,97.1909,97.5879,23,0.020413
30,99.6656,99.2997,28,0.019672
31,100.6018,100.7148,23,0.019483
32,98.8067,99.2845,44,0.020724
33,101.1125,101.5506,30,0.021014
34,103.3186,103.094,26,0.018979
35,103.013,104.6175,30,0.012414
36,102.3157,102.923,39,0.014797
37,99.4125,100.6802,17,0.016439
38,100.516,100.3915,34,0.016142
39,101.9814,101.5345,29,0.015634
40,102.183,102.3849,48,0.015226
41,102.682,103.4429,26,0.014265
42,103.9177,104.2348,34,0.012872
43,103.7161,104.8552,41,0.012183
44,103.8862,103.605,31,0.011948
45,102.3889,102.9508,30,0.010894
46,101.9324,102.28,34,0.008217
47,99.4282,102.0131,34,0.008193
48,98.7382,101.9231,28,0.007497
49,98.7224,100.9328,20,0.007529
50,99.3185,99.2596,39,0.007531
51,103.9286,104.18,25,0.018054
52,105.5148,105.9631,15,0.018783
53,103.6296,105.0442,20,0.018551
54,102.5748,106.3267,23,0.018553
55,101.8682,104.5805,29,0.019424
56,102.7127,105.5845,32,0.019391
57,103.5719,104.9205,40,0.019562
58,110.1218,109.9665,35,0.023308
59,109.9855,112.0885,21,0.021383
60,111.2897,110.9939,35,0.018742
61,110.275,111.9844,32,0.01833
62,109.9112,111.1626,46,0.018164
63,112.0198,113.4327,18,0.018549
64,112.5097,111.7173,20,0.018419
65,113.3769,112.966,30,0.018318
66,111.3748,112.8664,26,0.017851
67,111.4247,114.1449,29,0.012154
68,110.2996,112.341,30,0.012374
69,111.3429,112.2151,34,0.011887
70,112.1963,112.6832,29,0.011626
71,112.1127,113.968,30,0.011664
72,109.6604,110.8616,23,0.013291
73,109.5882,109.9165,22,0.012768
74,110.1083,111.0156,30,0.012633
75,109.3049,111.8269,35,0.012973
76,109.9883,111.0325,27,0.012308
77,112.2875,113.2521,25,0.01324
78,114.3139,114.3929,26,0.013498
79,113.405,113.1615,33,0.014062
80,114.9346,115.2626,18,0.014823
81,116.0287,116.1222,34,0.010753
82,114.8553,114.9794,37,0.01097
83,114.0229,115.7454,23,0.010811
84,113.5998,114.5413,23,0.011712
85,117.4118,116.5103,28,0.011927
86,116.4222,117.0707,26,0.010791
87,115.94,115.7057,29,0.011514
88,113.4205,114.3705,30,0.011621
89,114.306,116.117,26,0.011122
90,113.4707,116.0345,21,0.010868
91,112.201,114.63,36,0.011129
92,112.6255,113.004,45,0.011602
93,110.5317,112.9768,30,0.011306
94,110.8374,111.017,21,0.010114
95,102.995,105.3073,22,0.016695
96,101.7171,102.3393,30,0.017548
97,102.9173,104.9436,11,0.021185
98,102.106,102.9547,26,0.019501
99,101.2809,101.4934,25,0.019252
100,102.4341,103.3095,20,0.02195
101,101.3182,102.0005,23,0.022179
102,101.3624,102.8096,23,0.022978
103,99.9059,101.2027,35,0.023133
104,100.2356,101.9071,26,0.0175
105,97.9235,99.8703,22,0.016324
106,99.9915,101.0445,25,0.014101
107,101.3767,102.5004,13,0.01407
108,102.6639,103.4493,17,0.013427
109,105.4021,106.0438,13,0.014517
110,107.543,107.7874,33,0.013874
111,107.713,108.073,37,0.013819
112,106.525,106.7203,31,0.013366
113,109.7473,109.2256,7,0.014439
114,109.1578,110.3509,40,0.010676
115,107.3651,109.0079,30,0.012916
116,106.0592,107.6317,35,0.014231
117,108.0418,108.1049,39,0.014103
118,107.704,108.8061,25,0.012349
119,107.4943,108.8703,19,0.011393
120,106.3244,108.5569,25,0.011435
121,104.3549,104.6776,27,0.015903
122,103.655,103.5786,37,0.013288
123,104.8023,104.711,32,0.013353
124,104.5203,105.9008,17,0.014139
125,103.5379,104.5426,24,0.014186
126,103.0181,103.8097,20,0.014001
127,103.2221,104.3481,28,0.013923
128,105.6318,105.4205,28,0.014676
129,104.5945,105.2414,28,0.014739
130,104.2029,105.246,22,0.008844
131,101.788,105.3707,21,0.007925
132,103.3137,103.5766,32,0.009195
133,103.967,105.1279,30,0.009761
134,104.9126,106.1182,15,0.009186
135,107.321,106.7435,28,0.008702
136,106.2103,107.2676,9,0.00867
137,107.0635,106.9443,30,0.008441
138,109.0186,111.8438,12,0.016151
139,109.7376,111.5796,34,0.016193
140,107.7147,110.3543,16,0.017039
141,107.1761,108.6734,41,0.01684
142,105.5458,105.5338,39,0.019515
143,107.0775,107.8456,27,0.020428
144,106.6754,108.8469,43,0.020481
145,105.4047,105.7484,24,0.022595
146,104.9609,104.3999,40,0.022915
147,106.9178,107.6214,19,0.019577
148,108.7549,108.5485,22,0.020058
149,108.4319,108.9121,21,0.019969
150,109.5836,111.0514,21,0.020278
151,106.5337,107.8784,31,0.020347
152,109.274,109.6237,16,0.019785
153,108.3687,109.8416,23,0.019577
154,109.2134,109.5833,25,0.016674
155,109.3819,110.8689,24,0.01567
156,108.668,109.4301,20,0.01435
157,109.9917,111.0203,14,0.014736
158,111.9342,112.2999,12,0.014967
159,109.2565,110.4034,31,0.015023
160,111.6739,113.6343,14,0.013961
161,114.5803,115.1747,37,0.013734
162,116.2632,116.9161,27,0.013918
163,116.4516,117.9153,23,0.013426
164,116.4324,118.0422,15,0.013442
165,113.8287,116.4807,15,0.013554
166,114.1034,117.2822,15,0.013234
167,113.1689,115.4033,21,0.014733
168,115.1232,117.0856,23,0.013293
169,113.4622,115.6767,22,0.011943
170,114.775,114.6588,22,0.011619
171,113.7055,115.0667,26,0.010424
172,113.5722,115.3355,31,0.00992
173,110.5264,115.3774,17,0.009915
174,111.5226,114.1829,21,0.009604
175,110.7995,112.5503,16,0.00969
176,110.9289,112.5182,10,0.008837
177,113.5243,114.2987,22,0.009035
178,114.21,115.0787,30,0.008788
179,115.0106,115.8684,14,0.008525
180,116.0888,115.4467,18,0.008597
181,116.2745,117.1689,27,0.009748
182,116.1349,117.4619,23,0.009719
183,114.0529,116.2601,11,0.009721
184,114.0891,115.6887,20,0.008338
185,112.2349,115.703,13,0.008299
186,114.2659,116.2895,14,0.007123
187,115.231,118.049,22,0.008149
188,114.9042,117.5762,17,0.008259
189,115.005,116.0887,21,0.009333
190,115.4631,116.4358,14,0.007976
191,116.1327,117.481,31,0.008502
192,117.2936,119.2893,31,0.008866
193,114.3397,115.0162,15,0.015259
194,114.1995,116.3273,25,0.015704
195,113.0278,114.8819,34,0.016117
196,113.1391,114.5065,26,0.015059
197,112.4904,113.1397,19,0.015354
198,110.7838,111.0976,34,0.015807
199,112.0517,111.8532,28,0.016098
200,111.4146,113.4753,8,0.016677
201,112.5672,113.7235,25,0.015446
202,112.043,113.2214,24,0.010627
203,111.1242,113.9318,26,0.010014
204,110.6515,112.1578,21,0.01042
205,110.1953,112.0548,9,0.010457
206,111.362,112.897,24,0.010263
207,113.7005,114.2294,12,0.008648
208,114.746,115.8363,12,0.009259
209,113.6846,116.6593,13,0.008585
210,111.443,116.7157,7,0.008597
211,111.9919,116.746,11,0.008254
212,112.7737,116.4597,17,0.008356
213,112.622,116.4489,12,0.005645
214,115.9301,116.6178,12,0.005436
215,113.648,116.768,9,0.005384
216,114.0448,117.0642,16,0.004612
217,114.37,116.4029,29,0.003265
218,111.7575,116.5525,7,0.002362
219,112.6059,116.6596,18,0.002378
220,112.3712,116.6756,15,0.002377
221,114.5596,116.0538,15,0.002829
222,111.4652,113.9356,13,0.006267
223,110.4609,113.9762,13,0.006214
224,108.1237,113.8407,12,0.006107
225,106.8259,114.1627,14,0.006143
226,107.1326,113.9149,22,0.006072
227,106.1831,113.869,16,0.005993
228,107.489,113.8946,9,0.005965
229,108.2061,112.5482,10,0.00651
230,107.7587,112.2214,19,0.006523
231,107.5518,112.3538,17,0.003992
232,108.3717,112.3089,11,0.003965
233,109.1054,112.7375,9,0.004324
234,108.35,111.4412,17,0.005149
235,108.752,111.4808,26,0.00525
236,108.111,111.5702,4,0.005325
237,109.7284,112.3177,24,0.006007
238,112.6941,112.7858,11,0.004947
239,111.8256,114.3653,12,0.006401
240,113.392,114.6412,14,0.006379
241,111.5908,114.8031,16,0.006306
242,109.9228,115.1684,6,0.006279
243,111.044,115.1835,15,0.004118
244,110.3209,114.5536,9,0.004962
245,111.0002,114.5198,14,0.005014
246,110.9872,114.2836,11,0.005031
247,108.0989,114.2499,19,0.005
248,108.2762,113.9255,18,0.002561
249,107.3657,113.756,19,0.002368
250,109.9453,112.9409,2,0.002918
251,110.0259,113.1324,9,0.002659
252,106.9559,113.1723,15,0.002684
253,106.6682,113.0715,14,0.002382
254,109.3048,113.0777,9,0.002406
255,110.6406,112.8291,14,0.002414
256,108.4085,111.8585,4,0.003246
257,108.0487,108.3375,26,0.00967
258,109.1208,109.3167,33,0.010668
259,108.3557,108.2308,23,0.01082
260,109.2757,110.0942,14,0.012704
261,115.7143,115.8911,19,0.0215
262,116.1784,117.5409,21,0.021686
263,118.8888,118.8307,26,0.021617
264,119.2726,120.9676,13,0.021631
265,119.1593,121.2712,22,0.0208
266,117.6229,121.1233,21,0.015884
267,118.5777,118.9331,20,0.018553
268,118.551,119.2213,27,0.017439
269,118.3157,120.5566,19,0.017158
270,118.0887,120.4839,19,0.010209
271,119.8732,120.7298,28,0.009602
272,128.3853,128.822,24,0.022329
273,126.5568,127.131,34,0.023031
274,128.2005,129.9215,8,0.023436
275,131.7603,133.5741,10,0.02388
276,130.5198,132.8172,22,0.02236
277,130.4102,133.3074,28,0.022033
278,129.1061,133.1791,23,0.02219
279,130.7796,134.5712,22,0.021582
280,130.219,133.0675,17,0.022462
281,128.0106,131.9496,29,0.013658
282,127.6451,130.539,21,0.013387
283,124.4487,126.1323,18,0.015869
284,125.0018,126.5716,23,0.011999
285,125.5524,127.1453,10,0.012489
286,128.3175,128.2856,15,0.013
287,127.5494,127.7837,23,0.013006
288,123.9409,127.6353,11,0.011995
289,120.8328,122.3806,21,0.016384
290,121.6586,123.243,29,0.017276
291,119.4975,121.2282,31,0.017594
292,119.0019,121.4186,20,0.015081
293,117.7028,119.3764,16,0.015326
294,116.7111,119.186,15,0.015042
295,117.9947,118.6749,31,0.014072
296,117.7359,117.372,27,0.01411
297,116.3795,117.1952,38,0.014218
298,118.3006,121.1592,25,0.014307
299,118.8877,119.9707,36,0.01424
300,121.4374,121.6278,23,0.014221
301,121.1272,122.0934,13,0.014251
302,119.8433,123.0533,16,0.012893
303,121.7271,123.9019,21,0.01276
304,120.2907,123.956,12,0.012442
305,121.6712,123.8685,22,0.011347
306,118.8946,122.3463,28,0.012562
307,121.9223,122.9685,10,0.007872
308,122.0019,124.9344,10,0.007884
309,121.9325,123.2887,15,0.008908
310,124.271,125.5196,22,0.010306
311,121.3375,122.5377,7,0.013166
312,118.6725,122.2319,8,0.012921
313,119.1987,122.2083,27,0.01293
314,117.4299,122.1429,10,0.012951
315,117.9181,122.5202,25,0.012431
316,117.6868,121.3943,17,0.012619
317,119.2683,122.2299,22,0.011498
318,123.0435,123.7431,29,0.011627
319,120.4424,122.5689,31,0.010091
320,125.0186,124.541,17,0.008299
321,126.787,126.9144,23,0.009718
322,123.3014,127.5133,23,0.00955
323,126.9283,128.5104,20,0.009353
324,126.5461,128.6189,17,0.009397
325,126.5401,128.806,18,0.008051
326,127.1007,129.2128,21,0.008067
327,126.0897,129.062,17,0.008027
328,121.5802,129.0841,19,0.006612
329,119.7592,128.9354,19,0.005874
330,121.196,125.7612,22,0.008829
331,121.1774,122.0258,32,0.01222
332,118.57,121.6004,14,0.011475
333,117.7612,119.4563,24,0.011725
334,117.1627,120.3821,22,0.012462
335,116.0018,116.9144,20,0.013395
336,119.2621,120.1989,11,0.01788
337,119.4707,120.0884,30,0.017959
338,118.6885,121.8329,20,0.01935
339,120.3855,121.5011,22,0.018183
340,120.345,121.9352,15,0.015587
341,130.4478,130.6838,8,0.027305
342,127.0294,127.7309,10,0.027937
343,126.5265,126.7188,27,0.028208
344,124.9687,125.5265,34,0.026153
345,128.1947,127.8489,22,0.025412
346,121.501,121.3302,7,0.031534
347,122.3938,123.018,20,0.031439
348,120.8206,123.1429,24,0.03138
349,120.6212,122.1803,18,0.031479
350,118.5275,121.0241,15,0.019574
351,118.9058,121.1197,27,0.01913
352,113.5469,115.5288,32,0.02301
353,116.0813,116.6251,17,0.023978
354,115.103,116.6296,15,0.022427
355,118.6663,119.4139,20,0.018622
356,117.2576,118.5486,29,0.017834
357,116.4551,118.0032,15,0.017814
358,115.5351,115.9847,27,0.018319
359,115.9348,117.3277,36,0.019078
360,119.3148,119.5675,16,0.02037
361,119.3541,120.2038,30,0.012294
362,121.0167,121.0866,23,0.012169
363,122.9511,122.3833,18,0.01218
364,123.6387,124.1835,11,0.010973
365,126.6672,127.0024,10,0.011514
366,124.3413,125.7378,27,0.012274
367,129.2696,129.1695,10,0.010536
368,132.0087,133.7138,12,0.012961
369,134.8504,134.8131,14,0.012836
370,134.4404,136.0601,21,0.012408
371,132.3169,135.939,24,0.012961
372,132.7695,134.8066,28,0.01449
373,132.7456,134.4531,31,0.014866
374,132.605,134.5307,10,0.0142
375,132.8589,135.2798,29,0.012994
376,134.7642,135.5365,22,0.011353
377,135.5028,136.8836,24,0.005791
378,134.0886,136.4964,25,0.005643
379,134.9699,137.0835,21,0.005062
380,135.3358,136.8522,35,0.005097
381,134.2794,136.7905,19,0.004022
382,134.7844,137.251,17,0.003748
383,133.6884,137.3844,17,0.003721
384,135.2342,136.5918,33,0.004296
385,136.2359,136.6994,27,0.004282
386,137.1335,136.6105,12,0.002903
387,134.5812,135.2177,32,0.00425
388,138.8262,139.297,13,0.010599
389,138.6034,140.5165,19,0.010707
390,134.6318,139.8737,21,0.010913
391,135.2536,135.4014,25,0.01548
392,133.9271,135.8022,25,0.015543
393,134.7671,137.8122,16,0.016192
394,134.7453,138.0563,26,0.016177
395,132.0384,135.4955,18,0.017352
396,131.0977,133.4996,20,0.017703
397,132.021,133.6958,21,0.014037
398,134.1068,134.2868,29,0.013666
399,134.0524,135.2743,19,0.014261
400,134.2964,135.4781,18,0.009905
401,135.7624,133.8697,21,0.010513
402,135.9576,135.4924,20,0.010046
403,134.0369,135.9079,7,0.01012
404,137.5709,137.5936,7,0.008944
405,136.7894,137.7715,32,0.006811
406,137.311,136.9359,15,0.00744
407,133.7011,135.0872,35,0.008963
408,133.2699,136.4654,18,0.009225
409,136.3585,137.9936,23,0.009759
410,135.7654,138.4587,26,0.008423
411,138.4062,137.7747,21,0.008255
412,137.8359,139.9077,22,0.009296
413,137.3091,140.437,24,0.008718
414,138.0377,139.997,25,0.008872
415,137.3653,139.6716,35,0.008569
416,136.915,137.6584,27,0.008809
417,135.2363,137.9117,8,0.008341
418,131.5361,137.8952,18,0.007569
419,132.3507,138.0828,17,0.007494
420,129.0647,130.7534,24,0.018319
421,127.8024,129.4709,37,0.016834
422,126.5515,127.5994,23,0.016449
423,124.5095,127.3422,28,0.016681
424,123.8875,125.5758,31,0.016625
425,123.5723,125.7555,20,0.017235
426,122.8644,125.3252,26,0.017069
427,124.1989,125.2512,34,0.017206
428,124.2711,125.3615,17,0.017327
429,121.1822,123.7007,21,0.00634
430,119.3012,122.5137,26,0.006334
431,119.7938,121.4442,21,0.005672
432,116.4144,121.2462,23,0.005734
433,113.7754,118.776,15,0.006908
434,113.8276,113.693,21,0.012586
435,113.3013,114.2554,24,0.01348
436,110.3813,114.1022,18,0.013556
437,106.0914,112.1061,10,0.013197
438,106.0065,105.6682,27,0.018975
439,107.3936,108.1907,33,0.022868
440,109.6015,109.7054,39,0.024672
441,109.3636,109.2874,24,0.02486
442,109.7623,110.7139,22,0.025899
443,108.0926,109.3077,29,0.022629
444,109.3074,108.1744,28,0.022539
445,108.9303,109.4637,24,0.023312
446,105.3996,109.1961,14,0.022922
447,104.537,107.388,17,0.013296
448,104.154,106.0309,31,0.011507
449,104.0181,106.2508,15,0.010202
450,102.7679,104.7834,18,0.010725
451,102.1466,103.5987,21,0.008818
452,98.9777,101.8814,9,0.009146
453,100.0573,102.2387,32,0.009759
454,96.9254,97.3988,12,0.013903
455,99.5865,98.9769,13,0.016411
456,100.1503,100.8744,15,0.018693
457,101.4348,102.1714,35,0.019588
458,104.1759,104.2341,28,0.021037
459,105.5772,105.6551,15,0.021108
460,107.0508,107.7606,20,0.021344
461,105.8199,105.9514,21,0.021396
462,107.789,106.491,11,0.021299
463,108.3057,108.1308,20,0.011099
464,109.2575,108.5014,13,0.011148
465,109.3936,108.6916,14,0.010921
466,108.7974,110.6148,15,0.011213
467,111.3468,110.8921,28,0.010601
468,111.2458,111.0567,23,0.010395
469,112.5753,112.8352,10,0.009916
470,115.0955,115.8802,14,0.00881
471,118.5486,117.4405,13,0.008602
472,119.2537,118.7537,19,0.008414
473,118.3404,118.5894,4,0.008899
474,118.8013,119.0101,19,0.008631
475,116.5478,118.1777,20,0.00969
476,115.0523,116.8633,26,0.011239
477,115.926,117.0067,6,0.011188
478,117.9076,119.818,11,0.012229
479,122.285,120.5156,16,0.010092
480,121.0355,121.5119,35,0.009686
481,119.0743,121.7961,11,0.009308
482,117.6528,121.8265,26,0.009216
483,118.3722,121.8879,16,0.009221
484,120.8349,122.1111,13,0.008572
485,118.2786,120.7518,12,0.008625
486,118.1732,121.029,25,0.008568
487,118.4551,120.6925,31,0.005195
488,117.3458,118.3777,15,0.007796
489,119.0892,120.9561,15,0.010353
490,120.6152,121.522,26,0.010449
491,120.9144,121.7404,19,0.010469
492,123.0779,121.9813,23,0.010488
493,122.3873,124.1552,7,0.01189
494,119.5705,122.0612,18,0.012752
495,118.6776,121.1475,21,0.013025
496,119.5447,120.9606,25,0.013001
497,118.6381,120.462,26,0.011267
498,117.8903,120.49,17,0.008942
499,119.2236,121.9059,22,0.00962
500,116.4091,114.9144,16,0.020618
